,VISIT_AREA_NM,VISIT_AREA_TYPE_CD
0,108하늘계단,7
1,12호 소공원,1
2,2022 고양곤충페스티벌,8
3,2022 서신면 한마음 어울림 마당 축제,8
4,3.1독립선언광장,2
5,APAP전망대,1
6,CN스파,6
7,DMZ 장단콩두부마을,7
8,DMZ생생누리,13
9,ESC방탈출카페 홍대점,13
10,K-water 한탄강댐 물문화관,2
11,Kt소닉붐아레나경기장,5
12,L7 홍대,5
13,T팩토리,13
14,kk 디톡스 족욕샵,13
15,voyage 축제 참여(자라섬),8
16,가나아트파크 어린이체험관,13
17,가나아트파크 조각공원,1
18,가마봉1길,7
19,가운문화공원,7
20,가자실내낚시카페 대학로점,13
21,가평 갤럭시하우스 뒷편마을,7
22,가평 도그랜드 인근,1
23,가평레일파크,13
24,가평레저파크,5
25,가평브릿지짚라인,5
26,가평빠지이비자수상레저,5
27,가평양떼목장,13
28,가평초등학교,7
29,가현산숲길(하산숲길),7
30,가회동백인제가옥,2
31,가회동성당,2
32,갈대밭,7
33,감고당길,2
34,감성교복 롯데월드점,6
35,감악산,7
36,감악산등산코스,7
37,갑돌이와 갑순이 테마파크,6
38,강남수상레져,5
39,강남페티벌 미식여행 & K-Culture Stage,8
40,강동공동체정원,7
41,강문해변,1
42,강서한강공원,1
43,강천섬유원지,1
44,강촌레일파크 김유정역,13
45,강화도 원도심 투어(용흥궁-성공회강화성당-고려궁지),2
46,개미어린이공원,1
47,개천 산책,7
48,갤러리 그리브스,2
49,갤럭시스튜디오,13
50,갯골생태공원 염전체험장,13
51,갯벌체험장,13
52,건국대학교 서울캠퍼스,8
53,건국대학교 일감호,1
54,검단산,1
55,게내수변공원,1
56,경강교 인증센터,13
57,경기대학교 서울캠퍼스,7
58,경기도국민안전체험관,13
59,경기도남한산성세계유산센터,2
60,경기도박물관,2
61,경기도어린이박물관,2
62,경기도잣향기푸른숲,1
63,경기도청소년수련원 팔효정,7
64,경기미래교육 파주캠퍼스,6
65,경기북부어린이박물관,2
66,경기옛길 평해길 제4길 두물머리나루길,7
67,경기옛길 평해길 제6길 거무내길,7
68,경기의왕 레일파크,13
69,경기해양안전체험관,13
70,경반계곡,1
71,경복궁,2
72,경복궁 생과방,2
73,경복궁돌담 청와대 사잇길,7
74,경성의상실,2
75,경안천습지생태공원,1
76,경의선숲길,7
77,경의선숲길공원,1
78,경인아라뱃길아라마리나 경기인디뮤직페스티벌,8
79,경인항 김포,8
80,경주계림,7
81,경주월드,6
82,경춘선숲길,7
83,경춘선숲길갤러리,7
84,경춘폭포,1
85,경포해수욕장,1
86,경희대학교 국제캠퍼스,2
87,계곡,1
88,계양꽃마루,1
89,계양산,7
90,고구려대장간마을,7
91,고랑포구역사공원,2
92,고래산구들 옆 계곡,1
93,고래산구들 옆 산양목장,13
94,고모리691,1
95,고석정,1
96,고석정꽃밭,13
97,고양 씨티칼리지 플랜테이션,1
98,고양국제꽃박람회,8
99,고양누리길 서삼릉누리길,7
100,고양생태공원,1
101,고양어린이박물관,2
102,고양이카페38.5,13
103,고요재,13
104,고인돌공원 고인돌광장,1
105,고척스카이돔,5
106,고척스카이돔 옆에 공원,1
107,고킥보드 여의도점,7
108,곤지암 리조트 생태하천,1
109,곤지암도자공원,1
110,곤지암루지360,5
111,곤지암리조트,13
112,곤지암리조트 게임 캠프,13
113,곤지암리조트 곤지암루지360,5
114,곤지암리조트 빌리지센터,6
115,곤지암리조트 스키장,13
116,곤지암리조트 스파라스파,6
117,골드헤겔,13
118,골든타임이스케이프,6
119,골프존파크 부곡더조은골프점,5
120,공산성,2
121,공원,1
122,공자상,1
123,공지천유원지,1
124,과천 서울대공원,6
125,과천경마공원,6
126,과천대공원 호수,7
127,과천생태길,7
128,과천서울대공원 스카이리프트출발지,13
129,과천시민회관,8
130,과천중앙공원,1
131,과천청사 시민광장,8
132,과천향교,2
133,관곡지,2
134,관악산,1
135,관악산둘레길 사색의숲길3구간,7
136,관악산둘레길 애국의숲길1구간,7
137,관악산산림욕장,1
138,광교산,1
139,광교저수지,1
140,광교호수공원,1
141,광교호수공원 원천습지,1
142,광교호수공원 프라이부르크전망대,1
143,광릉수목원길,7
144,광릉숲길,7
145,광명동굴,1
146,광명동굴 대한민국와인페스티벌,8
147,광명새빛공원,1
148,광명시자원회수시설,13
149,광명햇살광장,1
150,광복낚시,13
151,광장스넥,2
152,광주향교,2
153,광화문,1
154,광화문광장,2
155,광화문광장 세종대왕동상,2
156,광화문광장 이순신 장군 동상,2
157,광화문광장지하,2
158,구름산,1
159,구리한강시민공원,1
160,구미공원,1
161,구봉솔숲해수욕장,1
162,구산성지,2
163,구월로데오광장,8
164,구테로이테,13
165,국립4.19민주묘지,2
166,국립6.25전쟁납북자기념관,2
167,국립고궁박물관,2
168,국립공원공단 북한산생태탐방원,1
169,국립대구박물관,2
170,국립대전현충원,2
171,국립민속박물관,2
172,국립민속박물관 파주,2
173,국립생물자원관,13
174,국립서울현충원,2
175,국립수목원,1
176,국립수목원 국립산림박물관,1
177,국립수목원 난대식물원,6
178,국립수목원 산림헌장비,1
179,국립수목원 숲생태관찰로,1
180,국립수목원 숲의명예전당,1
181,국립수목원 열대식물자원연구센터,1
182,국립양평치유의숲,1
183,국립유명산자연휴양림,1
184,국립유명산자연휴양림 자생식물원,6
185,국립중앙박물관,2
186,국립중앙박물관 기획전시관,2
187,국립중앙박물관 도서관,2
188,국립중앙박물관 야외광장,2
189,국립중앙박물관 어린이박물관,2
190,국립한글박물관,2
191,국연수집,2
192,국토지리정보원 지도박물관,2
193,국화축제,8
194,국회의사당,2
195,군포시민체육광장,5
196,굴포천,7
197,굴포천자전거길,7
198,굿모닝스크린,5
199,궁평항,1
200,궁평항수산물직판장,1
201,권율장군묘,2
202,귤현프라자,7
203,그날그한복,13
204,그래비티 서울 판교 오토그래프컬렉션,7
205,그랜드워커힐서울 수영장,6
206,그랜드워커힐서울 워커힐씨어터,13
207,그랜드하얏트서울,7
208,그해우리는 촬영지,2
209,글리치스튜디오,13
210,금광저수지,1
211,금나래중앙공원,1
212,금빛수로보트하우스,5
213,금융감독원,7
214,기형도문화공원,1
215,기흥호수공원,1
216,길상사,2
217,김유신장군상,7
218,김포한강야생조류생태공원,1
219,김포한옥마을,7
220,김포함상공원,7
221,까치울마을,7
222,나룻배마을,7
223,나리공원,1
224,나리농원,1
225,나만없어 도마뱀,13
226,나이스스크린골프,5
227,나인블럭 서종점,7
228,나인트리 호텔 근처 풀숲,7
229,나인트리프리미어호텔 서울판교,5
230,나전칠기체험관,13
231,낙산공원,2
232,낙산공원 제1전망광장,7
233,낙생대공원,1
234,낙양물사랑공원,1
235,낙천지,1
236,난지공원 산책로,7
237,난지한강공원,1
238,난지한강공원 잔디마당,1
239,난지한강공원 중앙잔디광장,1
240,난지한강공원(힙합플레이야 2022 페스티벌),1
241,남도꽃정원,8
242,"남도꽃정원, 축제",8
243,남부골프연습장,5
244,남산,1
245,남산3호터널,7
246,남산골 한옥마을 윤택영재실,13
247,남산골한옥마을,7
248,남산공원,7
249,남산공원 N서울타워,1
250,남산돈가스거리,7
251,남산둘레길,7
252,남산서울타워,1
253,남산옛길,7
254,남산케이블카,6
255,남산타워,13
256,남수문,8
257,남양성모성지,2
258,남양주시립박물관,2
259,남원윤씨오룡골유적,2
260,남이섬,1
261,남한강자전거길 남한강 철교,7
262,남한산성,2
263,남한산성 남문,2
264,남한산성 서문,2
265,남한산성 서문 전망대,2
266,남한산성 행궁,2
267,남한산성공원,2
268,남한산성둘레길 1코스,7
269,남한산성둘레길 2코스,7
270,남한산성행궁 인화관,2
271,내리문화공원,1
272,내마음의숲,1
273,네이처스파,13
274,노들나루공원,1
275,노들섬,1
276,노랑행궁,2
277,노래하는분수대,6
278,노을공원,1
279,노적봉공원,1
280,녹사평보도육교,2
281,놀로 아쿠아센터,6
282,놀자숲,1
283,농업생태원,8
284,농업회사법인 연천양조,13
285,누리성 모험 놀이터,13
286,누에섬,1
287,느티나무 바베큐 곤지암리조트,13
288,늠내길 갯골길,7
289,능내역 인증센터,13
290,니지모리스튜디오,13
291,다산생태공원,1
292,다온재,2
293,단월산,13
294,달마사,2
295,달맞이광장,7
296,달빛어린이공원,1
297,당거쉼터,7
298,당남리섬 (휴업중),1
299,당남리섬 가족피크닉존,1
300,당남리섬 둘레길,7
301,"당남리섬, 이포보 오토캠핑장 및 둘레길",7
302,당산나루소공원,1
303,대릉원,2
304,대박 자전거 대여점(능내역),7
305,대부 바다향기 테마파크,6
306,대부도,1
307,대부도 방아머리해수욕장,1
308,대부도 유채밭,7
309,대부바다향기 테마파크 습지테마원,6
310,대부바다향기테마파크,6
311,대부해솔길 1-1코스 순환노선,7
312,대부해솔길 1코스,7
313,대부해안로,1
314,대성리억새공원,1
315,대성수상레저,13
316,대승원,2
317,대신체육공원,5
318,대오서점,7
319,대왕공원,1
320,대중음악박물관,2
321,대치유수지체육공원,5
322,대한민국역사박물관,2
323,대한불교 조계종 심학산 약천사,2
324,대한불교조계종 신륵사,2
325,대한성공회 인천내동교회,2
326,더그림,1
327,더도어즈이스케이프,13
328,더벙커 펜션 주변산책,7
329,더베일리하우스 삼성점,8
330,더스테이힐링파크 내 알파와앵무,13
331,더스테이힐링파크 퍼블릭,13
332,더큐이스케이프45 홍대입구역점,13
333,더현대서울,7
334,덕성여자고등학교,7
335,덕송천,1
336,덕수궁,2
337,덕수궁 돌담길,2
338,덕수궁 석조전대한제국역사관,2
339,덕수궁 중명전,2
340,덕수궁돌담길,2
341,덕암사,2
342,덕양구 서정마을,7
343,덕평공룡수목원,1
344,도깨비도로,13
345,도당근린공원 백만송이장미원,7
346,도림천,7
347,도봉산,1
348,도산공원 도산안창호기념관,2
349,도산근린공원,1
350,도토리캐리커쳐,13
351,독립문,2
352,독산성 세마대,2
353,동관왕묘,2
354,동교로,7
355,동구릉,2
356,동국대학교 서울캠퍼스,2
357,동궁과월지,2
358,동네골목길관광코스 10코스(종로5.6가동),7
359,동대문디자인플라자,8
360,동대문디자인플라자(DDP,2
361,동대문디자인플라자(DDP) 어울림광장,8
362,동대문역사문화공원 동대문운동장기념관,2
363,동동카누,5
364,동두천유아숲체험원,13
365,동두천자연휴양림,1
366,"동막골 계곡, 힐링야영 축제",8
367,동막해수욕장,1
368,"동묘공원, 동대문역사문화공원 가는길",1
369,동북각루,2
370,동사지5층석탑,2
371,동산꽃맞이공원,1
372,동인천 개항거리(개항지+일본풍거리등),2
373,동작구민체육센터,5
374,동장대 화성어차 연무대 매표소,2
375,"동장대,연무장",2
376,동탄센트럴파크,7
377,동탄호수공원,1
378,동탄호수공원 유아숲체험원,13
379,돼창마을,7
380,두리 버섯농원,13
381,두리랜드,6
382,두물머리,1
383,두물머리 물래길 1코스,7
384,두물머리나루터,1
385,두물머리연핫도그,1
386,두부마을,7
387,뒷말어린이공원,1
388,뒷산,1
389,드라마 <이상한 변호사 우영우> 촬영지,2
390,드라마 “그해우리는” 촬영지,2
391,드라마 아스달 연대기 오산세트장,2
392,드라이브길,7
393,드럼연습실,5
394,드로잉키즈,6
395,드림파크야생화공원,1
396,디스커버리네이처스케이프,6
397,디원골프연습장,5
398,딜쿠샤,2
399,뚝섬유원지,7
400,뚝섬한강공원,1
401,라온드뷰,7
402,라인프렌즈 월드 팝업스토어,6
403,라페스타,8
404,락휴코인노래연습장 구로디지털단지점,6
405,러쉬쇼케이스,8
406,레고랜드코리아리조트,6
407,레솔레파크,1
408,레스트,5
409,레이저엑스,5
410,레저캠프,5
411,렛츠런파크서울,5
412,로매지크 성수점,13
413,롯데아울렛 고양점,13
414,롯데월드,6
415,롯데월드 민속박물관,2
416,롯데월드 샤롯데씨어터,6
417,롯데월드 어드벤처,6
418,롯데월드아쿠아리움,6
419,롯데월드타워,13
420,롯데월드타워 광장,13
421,롯데월드타워 초대형 피카츄,13
422,롯데월드타워&롯데월드몰,6
423,롯데호텔월드,6
424,루지월드 포천 베어스타운,13
425,르푸앙,5
426,리스펙 페스티벌,8
427,리얼월드 성수,13
428,리움 하우스웨딩,8
429,리프패럿,13
430,리프패럿 용인점,13
431,마로니에공원,1
432,마안산,7
433,마이다스리조트 키즈잼,13
434,마이랜드,6
435,마장호수,1
436,마장호수출렁다리,1
437,마켓가든,7
438,마포 걷고싶은길 4코스,7
439,만석공원,1
440,만석공원 만석거,1
441,만수천공원,7
442,만해한용운심우장,7
443,맛고을 장단콩두부마을,7
444,망원정 터,2
445,망원한강공원,1
446,매봉,7
447,매봉산,1
448,매향교,2
449,머더파커 건대2호점,6
450,메밀촌 두부마을,7
451,메트로폴리탄수영장,6
452,명륜당,2
453,명성산,1
454,명성산억새밭,1
455,명성황후생가,2
456,명지계곡,1
457,모리스가든,13
458,목동종합운동장 목동아이스링크,6
459,목향원,7
460,몬스터리움,13
461,몽마르뜨공원,1
462,몽촌토성나들길,7
463,묘문사,2
464,무궁화공원묘원 가람추모관,2
465,무궁화동산,6
466,무무대전망대,1
467,무즐라,13
468,무지개서는마을,7
469,무한상상시민정원,7
470,무호정,13
471,문경새재도립공원,1
472,문경오미자테마공원,6
473,문경오픈세트장,2
474,문래근린공원,1
475,문원어린이공원,1
476,문호종묘,2
477,문화공원,1
478,문화역서울284,2
479,물안개공원,1
480,물왕호수,1
481,물의정원,1
482,물향기수목원,1
483,뮤고양이카페,13
484,미니스톱 한강아라호점,7
485,미리내성지,2
486,미리내힐빙클럽,13
487,미사경정공원,1
488,미사경정공원 조정카누경기장,5
489,미사누리공원 1호,1
490,미사리경정공원,1
491,미사리경정공원 경정장,6
492,미사리경정장,5
493,미사리조정경기장 정문,5
494,미사리조정경기장체육여가공원,5
495,미사호수공원,1
496,미추홀공원,1
497,미호박물관,2
498,밑미흠 시간을파는상점,13
499,바다향기수목원,1
500,바라산,1
501,바라산 숲길 전망대,7
502,바람새마을,7
503,바른식생활교육체험관,13
504,바운스슈퍼파크 수원영통센터,6
505,바운스트램폴린파크 삼성센터,6
506,바이크토탈 팔당점,5
507,박물관은살아있다 인사동점,2
508,박완서 작가가 살던집,2
509,반얀트리클럽&스파서울,6
510,반포 한강공원,1
511,반포대교,2
512,반포천교,7
513,반포한강공원,1
514,반포한강공원 달빛광장,1
515,발트바우,6
516,밝은광장 인증센터,13
517,밤가시공원,1
518,밤섬유원지,1
519,밥할머니공원,1
520,방아머리해수욕장,1
521,방탈출버스티드,13
522,방화수류정,2
523,배곧생명공원,1
524,배다리공원,1
525,배다리생태공원,1
526,배다리성냥마을박물관,2
527,배다리역사문화마을,7
528,배다리저수지,7
529,배론성지,2
530,배상면주가 포천점,13
531,배오개다리 진출입 계단 14번,1
532,백두대간,1
533,백범광장,1
534,백운계곡,13
535,백운계곡관광지,1
536,백운산,1
537,백운호수,7
538,벌말근린공원,1
539,벌이랑꿀이랑,13
540,벗고개,1
541,베이커리 씨어터 수목원,1
542,벼락소유원지,1
543,벽초지수목원,1
544,벽초지수목원 빈센조 촬영장,2
545,별빛정원 우주,6
546,병목안시민공원,1
547,보광사,2
548,보라매공원,1
549,보신각터,2
550,보야지투자라섬,8
551,보통저수지,7
552,복골캠프,7
553,볼더프렌즈 클라이밍,5
554,볼원볼링센터,5
555,볼원볼링장,5
556,봇들저류지공원,1
557,봉국사,2
558,봉녕사,2
559,봉림원,7
560,봉선사,2
561,봉선사 일주문,2
562,봉선사동종,2
563,봉은사,1
564,봉은사로 가로수길,1
565,봉황각,2
566,부락산,1
567,부천무릉도원수목원,1
568,부천식물원,6
569,부천역북부광장,8
570,부천자연생태공원,1
571,부천중앙공원,1
572,부천호수식물원 수피아,6
573,부천활박물관,2
574,부평4동성당,2
575,부평역사박물관,2
576,부평풍물대축제,8
577,북서울꿈의숲,7
578,북수원온천,6
579,북악산 청운대쉼터분기점,1
580,북악스카이웨이,1
581,북악팔각정,1
582,"북촌로,북촌한옥마을",7
583,북촌마을서재,2
584,북촌주민사랑방,13
585,북촌한옥마을,7
586,북한강,13
587,북한강 포시즌 수상레저,5
588,북한강철교초소쉼터,7
589,북한산,7
590,북한산국립공원,7
591,북한산국립공원 북한산성탐방지원센터,1
592,북한산국립공원 사패산코스,1
593,북한산국립공원 회룡탐방지원센터,1
594,북한산둘레길 1구간소나무숲길,7
595,북한산둘레길 2구간순례길,7
596,북한산둘레길 마실길9구간,7
597,분당중앙공원,1
598,분당중앙공원 잔디광장,1
599,불암산,1
600,브릭캠퍼스 강릉,6
601,블루스톤스포츠 (찜질방),6
602,비둘기낭폭포,1
603,비밀의화원 건대 포레스트점,13
604,비봉산전망대,1
605,비스타워커힐 서울,6
606,비욘더팜,13
607,비트포비아 던전101,13
608,뽀로로파크 일산킨텍스점,6
609,쁘띠속눈썹,13
610,쁘띠프랑스,6
611,사과깡패,13
612,사우스스프링스CC,5
613,사육신역사공원,1
614,사직단,2
615,산낙지갯마을,7
616,산들소리,1
617,산들소리수목원,1
618,산머루농원,13
619,산정랜드,1
620,산정호수,1
621,산정호수 명성산억새꽃축제,8
622,산정호수둘레길,7
623,산정호수조각공원,1
624,산정호수폭포,1
625,산책길,7
626,"산천동부군당, 용산성당",2
627,삼덕공원,1
628,삼성산성지,2
629,삼성화재교통박물관,2
630,삼송역 3호선,7
631,삼악산,1
632,삼청동길,7
633,상동호수공원,1
634,상동호수공원 분수광장,1
635,상상의문 분당서현점,6
636,상수나들목,1
637,상촌재,2
638,새말어린이공원,13
639,새벽다리,7
640,샘마루공원,1
641,샛강다리,1
642,생명의나무전망대,1
643,생명의나무전망대+빨간등대,1
644,생선굽는마을,7
645,생태숲 꽃사슴 방사장,13
646,생태화공원,1
647,샤갈의눈내리는마을,7
648,샤론농장,13
649,서달산,1
650,서대문 독립문(공방체험),13
651,서대문 자연사박물관,2
652,서대문구 독립문(문화재야행),2
653,서대문독립공원,1
654,서대문형무소,2
655,서대문형무소역사관,2
656,서대문형무소역사관/국립대한민국임시정부기념관,2
657,서둔교회,2
658,서래공원,1
659,서삼릉,2
660,서삼릉 인종인성왕후효릉,2
661,서소문성지역사박물관,2
662,서순라길 K 주얼리 종로페스티벌,8
663,서오릉,2
664,서운동산,13
665,서운산자연휴양림,1
666,서울 가로수길,7
667,서울 선릉과 정릉,2
668,서울 의릉,2
669,서울 한양도성 백악구간,1
670,서울 한양도성 순성길,7
671,서울고등학교,2
672,서울공예박물관,2
673,서울공예박물관 어린이박물관,2
674,서울교동초등학교,2
675,서울교육박물관,2
676,서울구신촌역사,2
677,서울놀이마당,6
678,서울대공원,13
679,서울대공원 둘레길,7
680,서울대공원 어린이동물원,6
681,서울대공원 치유의숲,1
682,서울대공원 캠핑장,13
683,서울대학교 관악캠퍼스,13
684,서울대학교 수원수목원,1
685,서울돈화문국악당,2
686,서울라이트 DDP,8
687,서울랜드,6
688,서울로7017,7
689,서울명예도로 감고당길,2
690,서울뷰티위크,8
691,서울생활사박물관,2
692,서울석촌동고분군,2
693,서울세계불꽃축제,8
694,서울숲,1
695,서울숲 곤총식물원/나비정원,6
696,서울숲 곤충식물원,6
697,"서울숲 군마상, 거울연못",1
698,서울스카이,13
699,서울시 종로구 자하문로,7
700,서울시청,7
701,서울시티투어버스,13
702,서울식물원,6
703,서울식물원 기프트샵,6
704,서울식물원 주제원,6
705,서울식물원 주제정원,6
706,서울안다즈호텔B2 수영장,6
707,서울암사동유적,2
708,서울어린이대공원,1
709,서울어린이대공원 놀이동산,6
710,서울어린이대공원 동물원,6
711,서울어린이대공원 서울상상나라,6
712,서울어린이대공원 식물원,6
713,서울억새축제,8
714,서울역,2
715,서울역사박물관,2
716,서울우리소리박물관,2
717,서울월드컵경기장,5
718,서울윤중초등학교,7
719,서울창업디딤터,13
720,서울창포원 입구,7
721,서울특별시 광진구 광장동 워커힐 가는 산책로,7
722,서울특별시 중부공원녹지사업소 서울창포원,7
723,서울특별시청,7
724,서울혁신파크,8
725,서장대,2
726,서촌한옥마을,7
727,서해랑 제부도해상케이블카 전곡정류장,6
728,서희테마파크,6
729,석교산,7
730,석남사,2
731,석성산,7
732,석수마애불,2
733,석양마루매점,6
734,석장리박물관,2
735,석죽재물고기나무,13
736,석촌호(서호)교차로,7
737,석촌호수,7
738,석촌호수 동호,7
739,석촌호수 서호,1
740,석촌호수벚꽃축제,8
741,석촌호수산책길,7
742,석촌호수수변무대,8
743,석탄이신의선생기념관,2
744,석파정,2
745,선감도,1
746,선법사,2
747,선샤인스튜디오,2
748,선유도공원,1
749,설봉공원,1
750,설봉산,1
751,섬스튜디오,13
752,성균관,2
753,성균관대학교 인문사회과학캠퍼스,8
754,성남제1공단 근린공원,1
755,성라공원,1
756,성복천자전거길,7
757,성수동구두테마공원,6
758,성오볼링장,5
759,성은교회,2
760,세라젬웰카페 서울반포직영점,13
761,세라젬웰카페 인천도화직영점,13
762,세미원,1
763,세빛섬,1
764,세운전자상가,2
765,"세종이야기(세종대왕,이순신 상설체험문화공간)",13
766,세종중앙공원,1
767,센트럴공원수상택시,5
768,센트럴파크,1
769,소노휴 양평,7
770,소노휴양평 헬스클럽 및 수영장,6
771,소래산,1
772,소래습지생태공원,1
773,소래역사관,2
774,소래포구 해오름공원,1
775,소래포구 해오름광장,7
776,소망교회,2
777,소사벌이즈락볼링장,5
778,소양강스카이워크,1
779,소요산,1
780,소요산역 1호선,7
781,소우주,6
782,소울원,2
783,소풍정원,1
784,소피아그린CC,5
785,소피텔 앰배서더 서울,5
786,소피텔 앰배서더 서울 16층 온천 스파,5
787,소피텔 앰배서더 서울 수영장,6
788,소피텔 앰배서더 서울 수영장(스파),6
789,소피텔 앰배서더 서울 온천/사우나 16층,5
790,소피텔 앰버서더 서울 32층 호텔 수영장,6
791,소하근린공원,1
792,손골성지,2
793,손기정체육공원,5
794,손짜장마을,7
795,솔모로CC,5
796,솔밭근린공원,1
797,솔찬공원,1
798,송도 센트럴파크,7
799,송도누리공원,1
800,송도달빛축제공원,8
801,송도랜드마크시티,1
802,송도센트럴공원 꽃사슴정원,13
803,송도센트럴파크,1
804,송도센트럴파크 웨스트보트하우스,5
805,송도센트럴파크 이스트보트하우스,5
806,송도한옥마을,7
807,송월동동화마을,7
808,송파나루공원,1
809,수노을중앙공원,1
810,수도국산 달동네박물관,2
811,수도박물관,2
812,수락산,1
813,수봉공원,1
814,수봉공원인공폭포,1
815,수산공원,1
816,수서역,8
817,수어장대,1
818,수원 남수문,2
819,수원KT소닉붐아레나,5
820,수원KT위즈파크,5
821,수원광교박물관,2
822,수원문화재단,2
823,수원시민공원,1
824,수원월드컵경기장,5
825,수원전통문화관 예절교육관,13
826,수원전통문화관 전통식생활체험관,13
827,수원천,8
828,수원탑동시민농장,1
829,수원팔색길 화성성곽길,2
830,수원향교,2
831,수원화성,2
832,수원화성 국궁체험장,13
833,수원화성 동북공심돈,2
834,수원화성 미디어아트쇼,8
835,수원화성 북동포루,2
836,수원화성 서남각루,2
837,수원화성 서남암문,2
838,수원화성 서북각루,2
839,수원화성 서장대,2
840,수원화성 성곽 둘레길,2
841,수원화성 연무대 관광안내소,2
842,수원화성 팔달구 신풍동 285,2
843,수원화성 팔달문,2
844,수원화성 화서문,2
845,수원화성 화서문 안내소,2
846,수원화성 화서문-화홍문 성곽길,2
847,수원화성 화홍문,2
848,수원화성 화홍문 미디어아트,2
849,수원화성 화홍문 안내소,2
850,수원화성(서장대-화서문),2
851,수원화성미디어아트쇼,8
852,수원화성박물관,2
853,수지생태공원,1
854,수진사,2
855,수풀로 양수리,1
856,수피,13
857,숙소인근산책로,7
858,순라길,7
859,순우리 한우,13
860,순포해수욕장,1
861,숭례문,2
862,숲속 놀이터,7
863,쉐라톤그랜드 인천호텔 6층 수영장,6
864,쉬자파크,7
865,쉬즈웰 craft,13
866,슈팅몬스터 서바이벌 파크,2
867,슈퍼윙스키즈카페 수원영통점,13
868,스크린골프 카카오 은계,5
869,스타벅스 새문안로점,2
870,스타벅스 용인에버랜드R점,8
871,스타필드 안성 찜질스파,6
872,스파렉스24시 불가마사우나,6
873,스포애니 수내점,5
874,스포츠몬스터,6
875,스포츠몬스터 안성점,5
876,시민공원,1
877,시화나래조력공원,1
878,시흥갯골생태공원,1
879,시흥배곧한울공원,1
880,시흥오이도박물관,2
881,식품명인체험홍보관,13
882,신대호수,1
883,신덕고개,7
884,신륵사관광지,2
885,신매대교 인증센터,13
886,신북리조트 스프링폴,6
887,신북리조트스프링폴 야외워터파크,6
888,신사개나리공원,1
889,신장쇼핑몰,8
890,신촌 스타트업 페스티벌,8
891,실학박물관,2
892,심곡서원,2
893,심학산 약천사,2
894,심학산둘레길,7
895,싸리제골,1
896,쌀창고등학교(팝업스토어),13
897,쌈지길,13
898,써니롤러스케이트장,5
899,씨사이드파크,1
900,아난티코드,5
901,아라타워,13
902,아름다운청년전태일기념관,2
903,아모레 성수,13
904,아차산,7
905,아차산 4보루,1
906,아차산1보루,7
907,아차산생태공원,1
908,아차산큰바위얼굴,1
909,아침고요가족동물원,13
910,아침고요수목원,1
911,아쿠아가든카페 미사점,13
912,아쿠아플라넷,6
913,아쿠아플라넷 광교,6
914,아쿠아플라넷 일산,6
915,아쿠아플라넷63,6
916,아쿠아필드 안성,6
917,아쿠아필드 하남,6
918,아트스페이스 광교,8
919,아트스페이스 트인,13
920,안국역 3호선 2번출구,7
921,안다즈 서울강남 수영장,6
922,안다즈호텔 서울강남 수영장,6
923,안산,1
924,안산대부광산퇴적암층,1
925,안산자락길,1
926,안성구포동성당,2
927,안성맞춤랜드,8
928,안성맞춤랜드 숲속공연장,13
929,안성맞춤랜드 잔디공원,1
930,안성맞춤박물관,2
931,안성천,7
932,안성팜랜드,6
933,안성향교,2
934,"안양박물관, 김중섭박물관",2
935,안양예술공원,1
936,안양천,7
937,안양천 가족정원,1
938,안중근공원,1
939,안효공심온선생묘,2
940,안흥지 애련정,1
941,알로하피크닉&키즈카페,13
942,야당역 인근 산책로,7
943,약사사,2
944,양강섬,7
945,양근휴게소 인증센터,13
946,양명교,7
947,양수역 근처 남한강 산책길,7
948,양재근린공원,1
949,양재시민의숲,1
950,양주 천만송이천일홍축제,8
951,양주 천보산 산림욕장,1
952,양주 천일홍 축제(나리공원),8
953,양주관아지,2
954,양주나리농원,1
955,양주대모산성,2
956,양주전통문화축제,8
957,양평 양떼목장,13
958,양평곤충박물관,2
959,양평양떼목장,13
960,양화한강공원,1
961,어거스트 청평,5
962,어메이징파크,13
963,어반리프,13
964,어울림공원,1
965,어촌마을,7
966,에델바이스 스위스 테마파크,6
967,에버랜드,6
968,에버랜드 T익스프레스,6
969,에버랜드 그랜드엠포리엄,6
970,에버랜드 로스트밸리,6
971,에버랜드 롤링엑스트레인,6
972,에버랜드 매직타임레스토랑,6
973,에버랜드 매표소,6
974,에버랜드 블러드시티,6
975,에버랜드 아마존익스프레스,6
976,에버랜드 애니멀원더스테이지,6
977,에버랜드 에스파 포토존,6
978,에버랜드 정문,6
979,에버랜드 카니발광장,6
980,에버랜드 콜롬버스 대탐험,6
981,에버랜드 판다월드,6
982,에버랜드 포시즌스가든,6
983,에버렌드 랩터 레인저,6
984,에스팩토리,13
985,엑스라이프,5
986,엔피아,5
987,여강길 10코스(천년도자길),7
988,여유당,2
989,여의도 문화잇지오 행사장 및 시민공연,8
990,여의도 한강공원,1
991,여의도계절광장,1
992,여의도공원,1
993,여의도공원 롱기스트런,13
994,여의도역근처,7
995,여의도한강공원,1
996,여주곤충박물관,2
997,여주농촌테마공원 본관,6
998,여주리틀야구장,1
999,여주보,1
1000,여주보 인증센터,13
1001,여주오곡나루축제,8
1002,여호와의증인 이태원왕국회관,2
1003,연꽃테마파크,6
1004,연무대 관광안내소,2
1005,"연세로,홍익문고,독수리다방, 연세대,윤동주기녕관등",2
1006,연인산 계곡,1
1007,연인산도립공원,1
1008,연천 삼곶리돌무지무덤,2
1009,연천 전곡리국화축제,8
1010,연천 전곡리유적 구석기체험숲,13
1011,연천당포성,2
1012,연천수레울아트홀,13
1013,연천양원리고인돌,2
1014,연천율무축제,8
1015,연천은대리성,1
1016,연천전곡리선사유적지,2
1017,연천호로고루,2
1018,연희자연마당,1
1019,열두개울 둘레길,7
1020,열린녹지광장,1
1021,열린송현녹지광장,7
1022,영녕릉 세종대왕유적지구 세종대왕릉,2
1023,영녕릉세종대왕 유적지구,2
1024,영등포공원,1
1025,영월공원,7
1026,영종씨사이드 레일바이크,13
1027,영종씨사이드파크 바다자전거,6
1028,예래원,6
1029,예술공원로,1
1030,예스파크,8
1031,예스파크 이천도자예술마을,7
1032,오감캠프촌,13
1033,오남저수지,1
1034,오두산통일전망대,1
1035,오디티모드 신라스테이 광화문점,13
1036,오리서원,2
1037,오산EBS캐릭터공원,1
1038,오산근린공원,1
1039,오산맑음터공원,1
1040,오산에코리움,6
1041,오산천,7
1042,오성읍구경,7
1043,오아시스,2
1044,오이도,7
1045,오이도 바다,7
1046,오이도 바닷가,7
1047,오이도 빨강등대,1
1048,"오이도 빨강등대, 생명의나무전망대",7
1049,오이도기념공원,1
1050,오이도박물관,2
1051,오이도선사유적공원,2
1052,오이도해양단지,13
1053,오즈의마법사테마공원,6
1054,오케이당구장,5
1055,오패산나들길,7
1056,옥구공원,1
1057,"옥구공원, 옥구공원 반려견놀이터, 조각공원",1
1058,옥녀봉,1
1059,옥정중앙공원,1
1060,옥천레포츠공원,1
1061,"옥천암, 홍지문",2
1062,온누리교회,2
1063,온릉,2
1064,온온사,2
1065,올림픽공원,1
1066,올림픽공원 88잔디마당,1
1067,올림픽공원 SK핸드볼경기장,5
1068,올림픽공원 테니스경기장,5
1069,옹달샘어린이공원,1
1070,와룡공원,1
1071,와우정사,2
1072,왕방계곡,1
1073,왕송호수,1
1074,왕숙천,7
1075,용문사,1
1076,용문산,1
1077,용문산관광지,1
1078,용문산자연휴양림,1
1079,용봉산,2
1080,용산 국립중앙박물관,2
1081,용산가족공원,1
1082,용산공원 부분개방부지,1
1083,용산구청,7
1084,용산기지 미군장교숙소 부지 입구,2
1085,용산역사박물관,2
1086,용소폭포,1
1087,용암리 계곡,1
1088,용암천,1
1089,용암천 산책로,7
1090,용양봉저정공원,1
1091,용연,2
1092,용인곤충테마파크,6
1093,용인농촌테마파크,6
1094,용인백자축제,8
1095,용인보정동 고분군,2
1096,용인어린이상상의숲,6
1097,용인자연휴양림,1
1098,용인조정경기장,5
1099,용주사,2
1100,용추계곡,1
1101,용추폭포,1
1102,우산각어린이공원,1
1103,우이교,7
1104,우이동 만남의광장,7
1105,우장산공원산책길,7
1106,운길산콩마을,7
1107,운동기구들이 있는 공원,1
1108,운악망경 제6경,7
1109,운악산(현등산),1
1110,운악채한옥마을,7
1111,운정호수공원,1
1112,운주사,2
1113,운현궁,2
1114,웅진플레이도시,6
1115,워커힐길,7
1116,워터캐슬 하남미사점,6
1117,워터플레이 수상레저,5
1118,원두막주말농장,13
1119,원마운트 워터파크,6
1120,원적산,7
1121,원천호수,1
1122,원터,1
1123,원효대교북단교차로,8
1124,월곶미래탑광장,8
1125,월드컵공원,1
1126,월미공원,1
1127,월미공원 전망대,1
1128,월미공원 전망테크,1
1129,월미도,1
1130,월미도 놀이공원,6
1131,월미도등대길,1
1132,월미바다역,6
1133,월미산,1
1134,월미양궁연습장,6
1135,월미전통정원,1
1136,월미테마파크,6
1137,월암근린공원,1
1138,월정교,2
1139,웨스틴조선 서울 수영장,6
1140,웨스틴조선 수영장,6
1141,웨스틴조선 환구단,2
1142,웨스틴조선호텔 서울 수영장,6
1143,웨이브서프,5
1144,웨이브파크,6
1145,위곡골,1
1146,위례성길,7
1147,위례스타필드 2층 토이플러스,6
1148,위례스타필드 지하 1,6
1149,유리섬박물관,2
1150,유명골프클럽,5
1151,유명산,1
1152,유명산계곡,1
1153,윤동주시인의언덕,1
1154,율곡수목원,1
1155,율곡습지공원,1
1156,율동공원,1
1157,"율동공원, 책테마파크",6
1158,율봄식물원,6
1159,융건릉 융릉건릉역사문화관,2
1160,은이성지,2
1161,은평역사한옥박물관,2
1162,은평한옥마을,7
1163,을왕리해수욕장,1
1164,응봉산 팔각정,7
1165,의공고 벽화조명,7
1166,이랜드크루즈,5
1167,이룸채오피스텔,8
1168,이봉창의사역사울림관,2
1169,이상의집,2
1170,"이상한 변호사 우영우, 그 해 우리는 - 촬영지",2
1171,이상한변호사우영우 드라마 촬영지 우영우김밥집,2
1172,이스케이프9 본사,13
1173,이천농업테마공원,6
1174,이천도자기축제,8
1175,이천산수유마을,7
1176,이천산수유마을  산수유 에코백 만들기 체험,13
1177,이천산수유마을 산수유숲길 걷기체험,13
1178,이천시립박물관,2
1179,이천쌀문화축제,8
1180,이촌한강공원,1
1181,이충문화체육센터,5
1182,이탈리아마을(피노키오와다빈치),6
1183,이태원역교차로,8
1184,이태원클라스촬영지(날개벽화),2
1185,익선동 골목,7
1186,인사이트모션 한옥마을,7
1187,인생네컷 용인에버랜드1호점,6
1188,인왕산,1
1189,인왕산 범바위,7
1190,인왕산 수성동계곡,1
1191,인왕산 자락길 입구,7
1192,인왕산둘레길,7
1193,인왕산자락길,1
1194,인천 개항장문화재야행,8
1195,인천 펜타포트락페스티벌,8
1196,인천SSG랜더스필드,5
1197,인천개항누리길,2
1198,인천개항박물관,2
1199,인천계양체육관,5
1200,인천광역시립박물관,2
1201,인천내리교회,2
1202,인천대공원,1
1203,인천대공원 목재문화체험관,13
1204,인천대공원 어린이동물원,1
1205,인천도시역사관,2
1206,인천둘레길 10코스,7
1207,인천둘레길 12코스,7
1208,인천문학경기장,5
1209,인천상륙작전기념관,2
1210,인천세관역사공원,2
1211,인천수목원,1
1212,인천시민애집,2
1213,"인천시민애집,인천구락부",2
1214,인천아트플랫폼,2
1215,인천종합관광안내소,13
1216,인천차이나타운,2
1217,인천축구전용경기장,5
1218,인천항갑문,1
1219,인천향교,2
1220,인천화교역사관,2
1221,인천환경공단 송도스포츠파크,5
1222,인청항 제 1부두 둘레길,7
1223,일산문화광장,8
1224,일산비버리빌리지,7
1225,일산호수공원,1
1226,일산호수공원가로수길,7
1227,일상비일상의틈,13
1228,일일 농장체험,13
1229,일일농장,13
1230,임진각 수풀누리,8
1231,임진각 전망대 및 경의선 장단역증기기관차,2
1232,임진각 평화누리,1
1233,임진각관광지,13
1234,임진각관광지 바람의언덕,1
1235,임진각두부마을,7
1236,임진각평화곤돌라,13
1237,임진각평화누리전통놀이체험장,13
1238,임진강 독개다리,2
1239,임진강 평화 전망대,2
1240,임진강댑싸리공원,1
1241,임진강주상절리,1
1242,임진강주상절리카약,13
1243,잇츠콜라박물관,2
1244,자라섬,8
1245,자라섬 voyage 축제 음식 부스 방문,8
1246,자라섬 꽃테마공원,6
1247,자라섬 블루문,8
1248,자라섬재즈페스티벌,8
1249,자매공원,1
1250,자연경관,1
1251,자유공원,1
1252,자유공원 맥아더장군동상,2
1253,자유공원 산책로,7
1254,잔상,7
1255,잠실 롯데월드타워 월드파크,13
1256,잠실공원,1
1257,잠실역지하상가,5
1258,잠실종합운동장,5
1259,잠실종합운동장 실내체육관,5
1260,잠실종합운동장 올림픽주경기장,5
1261,잠실종합운동장 잠실야구장,5
1262,잠실한강공원,1
1263,잠원한강공원,1
1264,잣고을광장,13
1265,장경리해변,1
1266,장도포대지,1
1267,장릉,2
1268,장미뜨레,8
1269,장승다담공원,1
1270,장안공원,1
1271,장안공원 화서문,1
1272,장안문,2
1273,장자어린이공원,1
1274,장자호수공원,7
1275,장지천,5
1276,장충단공원,1
1277,장통교 진출입 계단 5번,7
1278,장항습지,13
1279,장흥관광지,8
1280,장흥조각공원,1
1281,재인폭포,1
1282,재즈페스티벌,8
1283,잭니클라우스골프클럽코리아,8
1284,전곡선사박물관,2
1285,전등사,2
1286,전쟁기념관,2
1287,전쟁기념관 어린이박물관,2
1288,전통술박물관산사원 본원,2
1289,전통주갤러리,2
1290,정도가 이천 도자기체험공방,13
1291,정동길,7
1292,정발산,1
1293,정서진광장,1
1294,정암수목공원,7
1295,정약용유적지,2
1296,정약용유적지 생가,2
1297,정원속화실담다,13
1298,정평천자전거길,7
1299,제물포구락부,2
1300,제부도,2
1301,제부도 매바위,7
1302,제부도 빨간등대,1
1303,제부도 워터워크,2
1304,제부도 제비꼬리 둘레길,7
1305,제부도해수욕장,1
1306,제부도해안산책로,7
1307,제이드가든수목원,1
1308,제일바다낚시,13
1309,제일유황온천,6
1310,조계사,2
1311,종묘,2
1312,종묘 외 시티투어,2
1313,종묘-창경궁 산책로,7
1314,좌상바위,1
1315,주교좌 답동성바오로성당,2
1316,주렁주렁 동탄라크몽점,6
1317,주렁주렁 하남점,13
1318,주록리마을회관,2
1319,주변일대 단풍구경 및 산책,7
1320,주주팜,13
1321,죽림동 주교좌성당,2
1322,죽미령평화공원,1
1323,죽백근린공원,1
1324,죽산순교성지,2
1325,죽주산성,2
1326,중남미문화원,2
1327,중랑장미공원,1
1328,중미산천문대,13
1329,중앙공원,1
1330,중앙탑사적공원,1
1331,중원계곡,1
1332,중원산,1
1333,지동벽화마을,7
1334,지지배배한복 2호점,2
1335,지진옥외대피장소 옹달샘(어린이)공원,1
1336,직동근린공원,1
1337,진관사,2
1338,짜장면박물관,2
1339,차이나타운,2
1340,차차티클럽 창신한옥,13
1341,착한붕어 낚시카페,13
1342,창경궁,1
1343,창경궁 대온실,1
1344,창덕궁,2
1345,창덕궁 돈화문,2
1346,창덕궁 후원,2
1347,창룡문,2
1348,창룡문 ~ 동장대 (성곽길),7
1349,창릉천,8
1350,창산수목원,1
1351,천마산 수진사입구분기점,1
1352,천마정,5
1353,천왕산캠핑장,1
1354,천주교남한산성순교성지,2
1355,천주교분당성요한성당,2
1356,천주교서울대교구 주교좌 명동대성당,2
1357,천진암 성지,2
1358,철도박물관,2
1359,철원한탄강 주상절리길,1
1360,철원한탄강 주상절리길 드르니매표소,1
1361,첨성대,2
1362,청계광장,7
1363,청계광장과 서울시청광장,7
1364,청계사,2
1365,청계산,1
1366,청계산 이수봉,1
1367,청계산등산로입구,7
1368,청계천,7
1369,청계천 장통교 진출입 계단 5번,7
1370,"청계천,sfc몰(온센)",7
1371,청계천한빛광장,7
1372,청라호수공원,1
1373,청량산,1
1374,청성역사공원,2
1375,청와대,2
1376,청와대  본관 영빈관등,2
1377,청와대 대통령관저,2
1378,청와대 본관,2
1379,청와대 영빈관,2
1380,청와대 정문,2
1381,청와대 춘추관,2
1382,청와대 춘추문,1
1383,청와대전망대,7
1384,청운문학도서관,2
1385,청일조계지경계계단,2
1386,청춘한복아랑,13
1387,청평사,2
1388,청평자연휴양림,7
1389,청평호,1
1390,청학동계곡,7
1391,초당옥도나스,1
1392,초막골생태공원,1
1393,초정어린이공원,1
1394,축령산,1
1395,춘원이광수기념비,2
1396,춘천삼악산호수케이블카,6
1397,춘천중도물레길,5
1398,충목단,2
1399,충장근린체육공원 테니스장,5
1400,충헌공김구선생묘,2
1401,충현박물관,2
1402,충현역사공원,2
1403,치유의숲,1
1404,칠곡저수지,7
1405,칠궁,2
1406,칠보산,1
1407,카자구루마,2
1408,카카오스크린골프&펍 위례점,5
1409,카카오판교아지트,8
1410,카페8794 용인점,13
1411,카페시차,1
1412,캐나다 전투기념비,13
1413,캐리비안베이,6
1414,캐치스톤클라이밍짐,5
1415,캠프월드레저,5
1416,캠프통포레스트,5
1417,커낼웨이 수변공원 및 청라호수공원,1
1418,커피마을,7
1419,커피온더레일,13
1420,케이스포돔 올림픽체조경기장,5
1421,코드케이 홍대점,13
1422,코마린 이스트보트하우스 송도지점,5
1423,코엑스,8
1424,코엑스 아쿠아리움,6
1425,콤콤오락실,13
1426,콩글리쉬카페,13
1427,콩치노 콩크리트,13
1428,클라임바운스 수원점,5
1429,키자니아 서울,6
1430,킨텍스,8
1431,타이포레,13
1432,탄도어촌체험마을,13
1433,탄도항,1
1434,탄밤,2
1435,탄요공원,1
1436,탄천민물고기습지생태원,1
1437,탄천자전거길,1
1438,탑골공원,1
1439,태풍전망대,2
1440,테르메덴,6
1441,테르메덴 실외온천풀,6
1442,테이크호텔 수영장,6
1443,통일동산 장어마을,7
1444,통일동산두부마을,7
1445,통일바라기축제,8
1446,트라이보울,2
1447,파라다이스시티,7
1448,파라다이스시티 수영장,6
1449,파라다이스시티 원더박스,6
1450,파리공원,1
1451,파사성,2
1452,파주DMZ곤돌라,2
1453,파주공룡박물관,2
1454,파주삼릉,2
1455,파주프리미엄아울렛,8
1456,파주헤이리마을 미지로의탐험,13
1457,파평코스모스축제,8
1458,팔달구 남창동 동사무소앞 인도 산책길,7
1459,팔달문,2
1460,팔달산,1
1461,팔미도유람선,5
1462,팟알,2
1463,패킷,13
1464,퍼스트가든,6
1465,퍼스트보드게임카페 구월점,13
1466,펀시티,6
1467,페어몬트 앰배서더 서울 헬스장,5
1468,펠리씨떼,13
1469,평강랜드,6
1470,평촌중앙공원,1
1471,평택시농업생태원,13
1472,평택햇살들주말농장,13
1473,평택호 둘레길,7
1474,평택호관광단지,1
1475,평택호예술공원,1
1476,평화누리공원 바람의언덕,1
1477,평화랜드,6
1478,평화의공원,1
1479,포레스트파크,13
1480,포메인 에버랜드직영점,6
1481,포메인레드 에버랜드점,6
1482,포은 정몽주 선생 묘 (지역축제 포은문화제 개최),2
1483,포천 가람누리  문화공원,1
1484,포천5일장,8
1485,포천반월성,2
1486,포천산정호수명성산 억새꽃축제,8
1487,포천아트밸리,1
1488,포천천,1
1489,포천한탄강하늘다리,1
1490,포토드링크이태원,13
1491,포토하임,13
1492,포트링공방,13
1493,프렌즈스크린 덕소점,5
1494,프렌즈스크린 진접로얄점,5
1495,프로방스마을,7
1496,플라잉수원,13
1497,플랜디,6
1498,플레이 더월드 강남점,6
1499,플레이아쿠아리움 부천,6
1500,플레이티카,6
1501,피노키오와다빈치,6
1502,피우리하우스,13
1503,피치스 도원,13
1504,피커스 구로점,5
1505,필라델피아,7
1506,필룩스조명박물관,2
1507,하남ICEBOX,5
1508,하남나무고아원,1
1509,하남역사박물관,2
1510,하남위례길 제2코스(위례강변길),7
1511,하남유니온파크,7
1512,하남이성산성,2
1513,하늘공원,1
1514,하늘공원 가는길,7
1515,하늘공원 메타세콰이어길,7
1516,하늘공원 하늘계단,1
1517,"하늘공원, 맹꽁이 전동차 탑승",1
1518,하늘능선근린공원,7
1519,하이커그라운드,13
1520,하피랜드,1
1521,한강,7
1522,한강 조깅,1
1523,한강3경 이포보전망대,1
1524,한강공원삼패지구,1
1525,한강공원압구정나들목 진출입로2,7
1526,한강중앙공원,1
1527,한국SGI 이케다기념강당,2
1528,한국근대문학관,2
1529,한국근현대사박물관,2
1530,한국기독교 100주년기념교회,2
1531,한국기독교100주년기념탑,2
1532,한국대중음악박물관 서울점,2
1533,한국도자재단 경기도자박물관,2
1534,한국만화박물관,2
1535,한국민속촌,6
1536,한국은행 본부,13
1537,한국은행 화폐박물관,2
1538,한국이민사박물관,2
1539,한국이슬람교 서울중앙성원,2
1540,한국잡월드,13
1541,한길 북하우스,2
1542,한남동 골목,7
1543,한내근린공원,1
1544,한복 입고 규방 컨셉 스튜디오,2
1545,한성백제박물관,2
1546,한식문화공간이음,13
1547,한아름공원,1
1548,한양도성박물관,2
1549,한울공원 해수풀장,6
1550,"한중문화관, 화교역사관, 인천 박물관 거리",2
1551,한탄강 지질공원센터,1
1552,한탄강지질공원,1
1553,한탄강하늘다리,1
1554,한탄임진강지질공원,1
1555,한택식물원,6
1556,한화와 함께하는 불꽃축제,8
1557,할리데이비슨코리아 용인점,5
1558,항일운동기념탑,1
1559,해돋이공원,1
1560,해오라기어린이공원,1
1561,해자연캠핑장,1
1562,해찬솔공원,1
1563,해피주 동물카페 영통점,13
1564,햇반 쌀창고 팝업스토어,13
1565,햇살들귀농교육원,13
1566,행궁동벽화마을,7
1567,행궁파티,2
1568,행궁파티 '그 해 우리는' 드라마 촬영지,2
1569,행리단길,2
1570,행주산성,2
1571,행주산성공원,1
1572,행주산성역사공원,1
1573,향남힐링스파,13
1574,허브아일랜드,6
1575,허브아일랜드 가든,8
1576,허브아일랜드 베네치아존,13
1577,허브아일랜드 불빛동화축제,8
1578,허브아일랜드 산타마을,7
1579,허브아일랜드 핑크뮬리축제,8
1580,허브아일랜드 향기존,13
1581,허브와풍뎅이,13
1582,헤이리농원,13
1583,헤이리마을 영화박물관,2
1584,헤이리무장애노을숲길,7
1585,헤이리예술마을,7
1586,현대모터스튜디오 고양,6
1587,현대프리미엄아울렛 김포점 회전목마,6
1588,혜화문,2
1589,혜화역 4호선,8
1590,호계체육관,5
1591,호명산,7
1592,호명산잣나무숲속캠핑장 인근,7
1593,호명호수,1
1594,호명호수공원,1
1595,호수공원 놀이터,13
1596,호수공원 식물원 수피아,1
1597,호수정감,1
1598,호텔신북온천,6
1599,홍건익가옥,2
1600,홍대 아뜰리에 여름,2
1601,홍익대학교 서울캠퍼스,7
1602,홍재교,7
1603,홍제동마을둘레길,7
1604,화담숲,1
1605,화담숲 곤충생태관,1
1606,화랑공원,1
1607,화랑대철도공원,6
1608,화랑유원지,1
1609,화서공원,7
1610,화서문,7
1611,화성 어차 매표소,2
1612,화성관광열차안내소 연무대매표소,6
1613,화성둘레길,2
1614,화성상록GC,5
1615,화성시역사박물관,2
1616,화성시우리꽃식물원,6
1617,화성어차 팔달산 매표소,13
1618,화성어차탑승,13
1619,화성융릉과건릉,2
1620,화성종합경기타운,8
1621,화성행궁,2
1622,화성행궁 관람,2
1623,화성행궁광장,2
1624,화악산,1
1625,화적연,1
1626,화적연 플로깅,13
1627,화홍사랑채,13
1628,환구단,7
1629,황룡산,7
1630,황리단길 청온채,7
1631,황새울 공원,1
1632,황순원문학관 소나기마을,7
1633,황포돛배,13
1634,황희선생유적지,2
1635,회룡계곡,1
1636,회룡문화공원,1
1637,회룡사,2
1638,회암사지,2
1639,회암사지박물관,2
1640,효원공원,1
1641,효원공원 월화원,1
1642,효자로 가을단풍길,7
1643,효창공원,1
1644,후암동 일대,7
1645,흔들바위,2
1646,흥인지문,2
1647,흥인지문공원,1
1648,히어로키즈파크 동탄지점,6
1649,힐튼가든인 서울강남점,5
